{"flutter":{"platforms":{"android":{"default":{"projectId":"khuza-active-e4ed7","appId":"1:715955131172:android:7b4bc97a31b116e29899b1","fileOutput":"android/app/google-services.json"}},"dart":{"lib/firebase_options.dart":{"projectId":"khuza-active-e4ed7","configurations":{"android":"1:715955131172:android:7b4bc97a31b116e29899b1","ios":"1:715955131172:ios:2bd83752e510b1319899b1","macos":"1:715955131172:ios:2bd83752e510b1319899b1","web":"1:715955131172:web:15e085c2d03212d09899b1","windows":"1:715955131172:web:5c12979062faa0959899b1"}}}}}}