{
  "project_info": {
    "project_number": "715955131172",
    "firebase_url": "https://khuza-active-e4ed7-default-rtdb.firebaseio.com",
    "project_id": "khuza-active-e4ed7",
    "storage_bucket": "khuza-active-e4ed7.appspot.com"
  },
  "client": [
    {
      "client_info": {
        "mobilesdk_app_id": "1:715955131172:android:19c905b4e3cbbc129899b1",
        "android_client_info": {
          "package_name": "com.example.active_khuza"
        }
      },
      "oauth_client": [],
      "api_key": [
        {
          "current_key": "AIzaSyBxOn9oSH4rivaX6KovbIo-EqQknsNh9yo"
        }
      ],
      "services": {
        "appinvite_service": {
          "other_platform_oauth_client": []
        }
      }
    },
    {
      "client_info": {
        "mobilesdk_app_id": "1:715955131172:android:7a772850b6e38b309899b1",
        "android_client_info": {
          "package_name": "com.example.final_wil"
        }
      },
      "oauth_client": [],
      "api_key": [
        {
          "current_key": "AIzaSyBxOn9oSH4rivaX6KovbIo-EqQknsNh9yo"
        }
      ],
      "services": {
        "appinvite_service": {
          "other_platform_oauth_client": []
        }
      }
    },
    {
      "client_info": {
        "mobilesdk_app_id": "1:715955131172:android:7b4bc97a31b116e29899b1",
        "android_client_info": {
          "package_name": "com.example.khuza_active_realtime"
        }
      },
      "oauth_client": [],
      "api_key": [
        {
          "current_key": "AIzaSyBxOn9oSH4rivaX6KovbIo-EqQknsNh9yo"
        }
      ],
      "services": {
        "appinvite_service": {
          "other_platform_oauth_client": []
        }
      }
    },
    {
      "client_info": {
        "mobilesdk_app_id": "1:715955131172:android:9581e3181251356c9899b1",
        "android_client_info": {
          "package_name": "com.example.khuza_realtime"
        }
      },
      "oauth_client": [],
      "api_key": [
        {
          "current_key": "AIzaSyBxOn9oSH4rivaX6KovbIo-EqQknsNh9yo"
        }
      ],
      "services": {
        "appinvite_service": {
          "other_platform_oauth_client": []
        }
      }
    },
    {
      "client_info": {
        "mobilesdk_app_id": "1:715955131172:android:5c8e1a8d7239ee829899b1",
        "android_client_info": {
          "package_name": "com.example.realti"
        }
      },
      "oauth_client": [],
      "api_key": [
        {
          "current_key": "AIzaSyBxOn9oSH4rivaX6KovbIo-EqQknsNh9yo"
        }
      ],
      "services": {
        "appinvite_service": {
          "other_platform_oauth_client": []
        }
      }
    },
    {
      "client_info": {
        "mobilesdk_app_id": "1:715955131172:android:18e0b1069720b5269899b1",
        "android_client_info": {
          "package_name": "com.example.realtimedatabase"
        }
      },
      "oauth_client": [],
      "api_key": [
        {
          "current_key": "AIzaSyBxOn9oSH4rivaX6KovbIo-EqQknsNh9yo"
        }
      ],
      "services": {
        "appinvite_service": {
          "other_platform_oauth_client": []
        }
      }
    },
    {
      "client_info": {
        "mobilesdk_app_id": "1:715955131172:android:a39cfc333fd808239899b1",
        "android_client_info": {
          "package_name": "com.example.wiil_project"
        }
      },
      "oauth_client": [],
      "api_key": [
        {
          "current_key": "AIzaSyBxOn9oSH4rivaX6KovbIo-EqQknsNh9yo"
        }
      ],
      "services": {
        "appinvite_service": {
          "other_platform_oauth_client": []
        }
      }
    }
  ],
  "configuration_version": "1"
}